ESL Games Keyword;Avg. monthly searches;Competition
english beginners games;70;Baixo
english esl activities;50;Baixo
english exercises online;210;Baixo
english game kids;320;Baixo
english game online;320;Baixo
english games esl;50;Baixo
english games plus;10;Desconhecido
english vocabulary online;10;MÃ©dio
esl english exercises;40;Baixo
esl game plus;390;Baixo
esl games;1900;Baixo
esl games word;10;Baixo
esl kids;170;Baixo
esl plus;10;Baixo
eslgamesplus;720;Baixo
eslgamesplus classroom games;10;Baixo
flash english games;20;Baixo
game english;1900;Baixo
game english class;260;Baixo
game english learning;1900;Baixo
game vocabulary english;40;Baixo
games esl kids;210;Baixo
games ingles;70;Baixo
games plus english;10;Baixo
games teaching english;90;Baixo
interactive english exercises;10;Baixo
juegos english;10;Desconhecido
learn ingles;6600;MÃ©dio
learning english;6600;MÃ©dio
play games english;20;Baixo
