Macmillan Keywords;Avg.Monthly Searches;Competition
best english course online;260;Alto
campus english;10;Baixo
class ingles;30;Baixo
course english;1300;MÃ©dio
e learning ingles;10;MÃ©dio
english conversation online;140;Alto
english course free;720;MÃ©dio
english grammar macmillan;20;Alto
english macmillan;110;Baixo
english school online;70;Alto
english video lessons;40;MÃ©dio
esl free;20;Baixo
i study english;140;Baixo
ingles course;1300;MÃ©dio
ingles free;170;Baixo
learn english with;50;Baixo
learn ingles;8100;MÃ©dio
learned english;8100;MÃ©dio
learning english with;10;Baixo
lesson english;720;Baixo
lms english;0;Desconhecido
macmillan 1;0;Desconhecido
macmillan dictionary english;40;Alto
macmillan english 1;0;Desconhecido
macmillan english english dictionary;0;Desconhecido
macmillan english test;10;Baixo
macmillan online;30;Baixo
macmillan online book;10;Baixo
macmillan test;10;Baixo
mec campus;10;Baixo
site inglÃªs;480;MÃ©dio
study english;1600;Baixo
www macmillan com english;0;Desconhecido
